6,13,22,782,475,148,148,472,475,782,851
6,13,22,782,475,972,329,475,487,782,851,972
6,13,22,782,475,363,280,363,428,475,782,851
6,13,22,782,475,557,475,487,557,657,704,733,744,754,782,818,851
6,13,22,782,475,958,475,782,851,958
6,13,22,782,475,818,475,605,782,818,851
6,13,22,782,475,657,475,657,733,782,812,818,833,839,851,895,920
6,13,22,782,475,99,98,99,128,472,475,575,782,851,975
6,13,22,782,475,909,329,475,782,851,909
6,13,22,782,475,449,449,475,510,525,575,609,664,706,782,851,975
6,13,22,782,475,644,475,494,605,644,782,785,818,851
6,13,22,782,475,989,475,782,818,851,989
6,13,22,782,475,914,475,605,782,814,851,913,914
6,13,22,782,475,517,475,517,781,782,839,851
6,13,22,782,475,970,475,575,609,672,755,782,851,970,979
6,13,22,782,475,537,329,357,475,537,782,792,851
6,13,22,782,475,644,475,644,782,818,851
6,13,22,782,475,449,436,449,475,575,660,664,705,706,782,851,975
6,13,22,782,475,839,23,475,540,782,839,851
6,13,22,782,475,421,421,475,664,782,851
6,13,22,782,475,378,372,378,381,475,489,782,851
6,13,22,782,475,605,475,605,782,851
6,13,22,782,475,460,460,475,609,672,782,825,851,975,980
6,13,22,782,475,743,357,412,475,480,581,743,782,851
6,13,22,782,475,844,475,480,732,759,782,818,844,851
6,13,22,782,475,716,475,562,716,782,851,991
6,13,22,782,475,733,475,602,733,781,782,851,920
6,13,22,782,475,733,475,590,664,733,782,851
6,13,22,782,475,807,475,782,807,851,900
6,13,22,782,475,733,475,733,782,818,851,920
6,13,22,782,475,134,134,144,475,575,782,851
6,13,22,782,475,733,475,733,782,843,851
6,13,22,782,475,975,472,475,782,812,851,975
6,13,22,782,475,970,475,487,672,782,851,970,980
6,13,22,782,475,103,103,150,346,347,475,480,782,851,973
6,13,22,782,827,148,148,472,487,556,703,782,802,827,851,859
6,13,22,782,827,972,421,487,782,827,851,972
6,13,22,782,827,363,363,428,475,487,782,827,851,856,958
6,13,22,782,827,557,471,487,557,704,733,754,782,827,851,919
6,13,22,782,827,958,487,782,827,851,856,958
6,13,22,782,827,818,421,475,487,605,782,818,827,851
6,13,22,782,827,657,471,657,754,782,827,833,851,920
6,13,22,782,827,99,99,128,132,449,472,487,495,782,827,851,975
6,13,22,782,827,909,329,421,469,475,487,782,827,851,909
6,13,22,782,827,449,421,449,487,510,525,664,706,782,827,851,975,976
6,13,22,782,827,644,469,494,605,644,782,812,827,851
6,13,22,782,827,989,556,613,723,782,818,827,851,989
6,13,22,782,827,914,421,475,556,600,782,814,827,851,859,914
6,13,22,782,827,517,421,475,517,782,827,851,919
6,13,22,782,827,970,471,487,609,730,764,782,827,851,970,979
6,13,22,782,827,537,137,412,537,556,782,792,827,851
6,13,22,782,827,644,421,487,494,644,782,818,827,851
6,13,22,782,827,449,421,449,556,664,705,706,782,827,851
6,13,22,782,827,839,421,475,487,782,827,839,851
6,13,22,782,827,421,421,487,664,782,827,851
6,13,22,782,827,378,295,378,381,487,489,556,782,827,851
6,13,22,782,827,605,421,530,605,613,745,782,827,851
6,13,22,782,827,460,421,460,471,606,609,782,802,827,851,975
6,13,22,782,827,743,357,412,534,556,743,782,791,827,851
6,13,22,782,827,844,480,613,782,827,844,851
6,13,22,782,827,716,421,475,562,716,782,827,851,919,991
6,13,22,782,827,733,421,487,733,782,827,851,920
6,13,22,782,827,733,421,475,556,733,782,827,851
6,13,22,782,827,807,409,421,487,506,517,535,782,807,827,851,900
6,13,22,782,827,733,421,487,733,782,827,851,920
6,13,22,782,827,134,128,134,556,782,827,851
6,13,22,782,827,733,421,487,733,782,786,827,851
6,13,22,782,827,975,471,487,554,556,782,812,827,851,975
6,13,22,782,827,970,421,487,782,827,851,970
6,13,22,782,827,103,103,150,346,487,556,634,766,782,827,851,973
6,13,22,782,475,148,148,472,475,782,851,975
6,13,22,782,475,972,329,475,487,525,782,851,972
6,13,22,782,475,363,363,475,782,851,888,958
6,13,22,782,475,557,475,487,557,704,733,744,754,782,851,919
6,13,22,782,475,958,475,487,782,851,859,958
6,13,22,782,475,818,475,487,605,633,782,818,851
6,13,22,782,475,657,475,657,782,812,833,839,851,895,919
6,13,22,782,475,99,99,128,472,475,782,851,975
6,13,22,782,475,909,329,475,782,851,909
6,13,22,782,475,449,449,475,510,525,656,664,782,812,851,975
6,13,22,782,475,644,470,475,487,494,605,644,782,812,818,851,855,859
6,13,22,782,475,989,475,487,782,818,851,989
6,13,22,782,475,914,475,487,625,782,814,851,914,919
6,13,22,782,475,517,475,487,517,782,821,839,851,919
6,13,22,782,475,970,475,590,609,672,730,782,851,958,970
6,13,22,782,475,537,80,137,329,475,487,537,782,792,851
6,13,22,782,475,644,475,494,644,782,818,851
6,13,22,782,475,449,449,475,487,581,598,656,660,664,698,705,727,757,782,851,975
6,13,22,782,475,839,23,475,540,782,839,851
6,13,22,782,475,421,421,475,487,590,782,851
6,13,22,782,475,378,378,381,412,475,489,581,782,851,912
6,13,22,782,475,605,466,475,487,605,782,851
6,13,22,782,475,460,66,437,460,475,487,598,606,609,672,782,851,975
6,13,22,782,475,743,88,412,475,480,487,489,581,743,782,851
6,13,22,782,475,844,475,480,553,742,782,844,851,897
6,13,22,782,475,716,475,487,562,716,782,851,919,991
6,13,22,782,475,733,475,602,733,782,839,851,920
6,13,22,782,475,733,456,475,487,664,733,782,839,851
6,13,22,782,475,807,475,487,782,807,851,900
6,13,22,782,475,733,475,733,782,818,851,897,920
6,13,22,782,475,134,134,475,487,782,851,859
6,13,22,782,475,733,475,733,782,839,851
6,13,22,782,475,975,132,472,475,782,812,851,975
6,13,22,782,475,970,475,487,672,782,851,970
6,13,22,782,475,103,103,109,150,329,475,480,487,782,851,973
6,13,22,782,828,148,148,472,651,664,706,782,828
6,13,22,782,828,972,487,525,651,664,706,757,782,828,851,972
6,13,22,782,828,363,363,651,660,664,782,828,958
6,13,22,782,828,557,487,557,626,651,664,704,733,744,754,782,828,919
6,13,22,782,828,958,515,598,651,664,706,782,828,851,958
6,13,22,782,828,818,487,605,633,651,664,706,782,818,828
6,13,22,782,828,657,557,590,651,657,664,706,782,828,833,895,919,920
6,13,22,782,828,99,97,99,128,651,664,706,754,782,828,851,975
6,13,22,782,828,909,475,577,651,664,706,782,828,909
6,13,22,782,828,449,449,510,651,664,706,782,828,975
6,13,22,782,828,644,469,487,494,605,644,651,664,706,782,828,851
6,13,22,782,828,989,651,664,706,782,818,828,851,920,989
6,13,22,782,828,914,475,515,664,770,782,814,828,833,851,914,920
6,13,22,782,828,517,517,557,651,664,706,782,828,851,919,920
6,13,22,782,828,970,471,515,609,651,664,706,755,782,828,851,970,979
6,13,22,782,828,537,13,296,357,450,487,515,537,651,664,704,706,782,792,828,851
6,13,22,782,828,644,494,644,651,664,782,818,828,851,920
6,13,22,782,828,449,449,651,660,664,705,706,782,828,851,975
6,13,22,782,828,839,515,557,651,664,706,782,807,828,839,851,972
6,13,22,782,828,421,421,664,706,782,828,851,904
6,13,22,782,828,378,374,378,381,489,651,664,754,756,782,828,904
6,13,22,782,828,605,450,466,530,605,651,664,706,745,754,782,828,920
6,13,22,782,828,460,437,460,515,590,609,649,651,664,706,782,828,851,975
6,13,22,782,828,743,96,387,412,651,664,706,743,782,828,851,904
6,13,22,782,828,844,423,480,651,664,754,759,782,828,844,897,920
6,13,22,782,828,716,557,562,651,660,664,706,716,782,828,920,991
6,13,22,782,828,733,557,590,651,664,706,733,782,828,851,920
6,13,22,782,828,733,487,557,590,651,664,706,733,782,828,920
6,13,22,782,828,807,487,510,517,651,664,706,782,807,828,900,919
6,13,22,782,828,733,95,651,664,706,733,782,828,851,920
6,13,22,782,828,134,134,144,487,632,651,660,664,782,828,851
6,13,22,782,828,733,557,651,664,706,733,782,828,851,920
6,13,22,782,828,975,554,651,664,706,782,812,828,975
6,13,22,782,828,970,487,515,557,651,664,704,706,782,828,851,970
6,13,22,782,828,103,61,103,150,346,469,480,651,664,706,766,782,828,851,973
6,13,22,782,839,148,148,412,472,756,782,839,851,975
6,13,22,782,839,972,487,756,782,839,972
6,13,22,782,839,363,363,489,756,782,839,851,912,958
6,13,22,782,839,557,412,487,557,704,733,744,754,756,782,839
6,13,22,782,839,958,756,782,839,851,912,958
6,13,22,782,839,818,421,475,487,506,605,756,782,818,839
6,13,22,782,839,657,657,756,782,812,833,839,851,895,920
6,13,22,782,839,99,98,99,128,132,346,412,472,756,782,839,851,912,975
6,13,22,782,839,909,421,475,494,567,756,782,839,851,909,912
6,13,22,782,839,449,449,525,598,664,706,756,782,812,839,975
6,13,22,782,839,644,421,469,487,494,605,644,664,756,782,812,839,851,912
6,13,22,782,839,989,489,716,756,782,839,851,920,989
6,13,22,782,839,914,412,475,756,782,814,839,851,914
6,13,22,782,839,517,475,487,517,756,782,839,851
6,13,22,782,839,970,609,664,730,755,756,782,825,839,851,912,970
6,13,22,782,839,537,137,412,450,487,537,756,782,792,839,851
6,13,22,782,839,644,421,475,494,644,756,782,818,839,851
6,13,22,782,839,449,412,449,598,660,664,705,706,756,782,821,839,851,975
6,13,22,782,839,839,540,756,782,839,851
6,13,22,782,839,421,412,421,664,756,782,839,851,904
6,13,22,782,839,378,374,378,381,489,715,756,782,839,912
6,13,22,782,839,605,412,421,450,487,605,752,756,782,839,851
6,13,22,782,839,460,412,460,598,609,756,782,839,851,912,975,980
6,13,22,782,839,743,412,489,534,743,756,782,839,851,912
6,13,22,782,839,844,480,732,756,782,839,844
6,13,22,782,839,716,487,562,716,756,782,839,851,912,919,991
6,13,22,782,839,733,602,733,756,782,839,851,920
6,13,22,782,839,733,487,590,733,756,782,839
6,13,22,782,839,807,487,756,782,807,821,839,900
6,13,22,782,839,733,475,664,733,756,782,839,851,920
6,13,22,782,839,134,23,128,134,487,756,782,839
6,13,22,782,839,733,733,756,782,839,851
6,13,22,782,839,975,132,756,782,812,839,851,975
6,13,22,782,839,970,412,487,672,756,782,839,851,912,970
6,13,22,782,839,103,103,150,346,756,782,839,851,912,973
6,13,22,782,56,148,56,148,472,487,489,693,782,792,795,975
6,13,22,782,56,972,39,56,487,489,782,851,972
6,13,22,782,56,363,56,363,428,487,489,782,851,958
6,13,22,782,56,557,56,487,489,557,704,733,744,782,851
6,13,22,782,56,958,56,487,489,782,851,958
6,13,22,782,56,818,56,475,487,489,605,782,815,818
6,13,22,782,56,657,56,487,489,657,733,782,833,895,920
6,13,22,782,56,99,56,98,99,128,487,489,693,782,851,975
6,13,22,782,56,909,56,79,475,487,488,489,618,782,783,909
6,13,22,782,56,449,56,449,487,489,664,733,782,812,853,858,975
6,13,22,782,56,644,56,470,487,489,605,644,782,812,845,851
6,13,22,782,56,989,56,310,487,489,782,851,989
6,13,22,782,56,914,56,475,487,489,600,782,814,851,914
6,13,22,782,56,517,56,475,487,489,517,733,782,821,851
6,13,22,782,56,970,56,487,489,609,730,764,782,851,970
6,13,22,782,56,537,56,145,487,489,537,782,792,851
6,13,22,782,56,644,56,487,489,494,644,733,782,818,845,851
6,13,22,782,56,449,56,449,487,489,664,705,727,749,782,851
6,13,22,782,56,839,56,456,487,489,782,839,851
6,13,22,782,56,421,56,421,487,489,782,851
6,13,22,782,56,378,56,378,381,487,489,782
6,13,22,782,56,605,56,487,489,605,782,819,845,851
6,13,22,782,56,460,56,460,487,489,609,782,792,802,851,975
6,13,22,782,56,743,56,412,487,489,743,782,851
6,13,22,782,56,844,56,480,487,489,546,777,782,844
6,13,22,782,56,716,56,487,489,562,716,782,851
6,13,22,782,56,733,56,487,489,733,782,851,920
6,13,22,782,56,733,56,487,489,664,733,782
6,13,22,782,56,807,56,487,489,517,782,807,900
6,13,22,782,56,733,56,487,489,733,782,851,920
6,13,22,782,56,134,39,56,91,134,487,489,782,851
6,13,22,782,56,733,56,487,489,733,782,851,920
6,13,22,782,56,975,56,58,487,489,554,693,782,812,845,975
6,13,22,782,56,970,56,487,489,672,782,851,858,970
6,13,22,782,56,103,39,56,61,76,103,487,489,782,851,973
6,13,22,782,972,148,148,150,472,782,851,972,975
6,13,22,782,972,972,487,782,851,962,972
6,13,22,782,972,363,275,279,356,357,363,428,782,851,972
6,13,22,782,972,557,487,557,704,733,744,782,851,919,972
6,13,22,782,972,958,649,782,851,958,972
6,13,22,782,972,818,605,782,818,851,972
6,13,22,782,972,657,657,664,782,833,839,851,919,920,972
6,13,22,782,972,99,20,99,128,782,851,972,975
6,13,22,782,972,909,150,475,567,677,782,851,909,972
6,13,22,782,972,449,449,664,782,851,970,972,975,976
6,13,22,782,972,644,605,644,673,677,782,845,851,972
6,13,22,782,972,989,310,782,851,920,972,989
6,13,22,782,972,914,475,600,782,814,851,914,972
6,13,22,782,972,517,475,517,664,782,839,851,919,920,972
6,13,22,782,972,970,609,664,730,782,851,970,972
6,13,22,782,972,537,487,537,704,782,792,851,970,972
6,13,22,782,972,644,644,677,782,818,851,972
6,13,22,782,972,449,449,624,664,705,782,851,970,972,975
6,13,22,782,972,839,475,782,839,851,972
6,13,22,782,972,421,315,421,664,782,851,904,972
6,13,22,782,972,378,150,295,350,378,381,489,782,851,972
6,13,22,782,972,605,148,150,336,605,782,851,972
6,13,22,782,972,460,460,606,609,664,704,782,825,851,972,975,978
6,13,22,782,972,743,357,412,664,743,782,851,972
6,13,22,782,972,844,350,480,782,844,851,970,972
6,13,22,782,972,716,562,664,716,782,851,919,972
6,13,22,782,972,733,664,733,782,851,920,972
6,13,22,782,972,733,664,733,782,851,972
6,13,22,782,972,807,517,664,782,807,851,900,919,972,976
6,13,22,782,972,733,664,733,782,851,920,972
6,13,22,782,972,134,128,134,146,487,782,851,972
6,13,22,782,972,733,733,782,851,920,972
6,13,22,782,972,975,782,812,851,972,975,976
6,13,22,782,972,970,487,782,851,970,972
6,13,22,782,972,103,103,150,297,480,782,851,972,973
6,13,22,782,489,148,148,487,489,537,782,792,851,912,975
6,13,22,782,489,972,487,489,782,839,851,888,972
6,13,22,782,489,363,363,428,487,489,782,851,888
6,13,22,782,489,557,487,489,557,733,744,754,782,851,919
6,13,22,782,489,958,487,489,782,851,912,958
6,13,22,782,489,818,475,487,489,605,782,818,851
6,13,22,782,489,657,487,489,657,782,833,839,851,895,920
6,13,22,782,489,99,98,99,128,449,487,489,782,851,912,975
6,13,22,782,489,909,475,487,489,494,782,851,909
6,13,22,782,489,449,449,487,489,510,664,782,851,912,975
6,13,22,782,489,644,469,487,489,494,605,644,782,851
6,13,22,782,489,989,487,489,782,851,920,989
6,13,22,782,489,914,412,475,487,489,782,814,851,888,912,913,914
6,13,22,782,489,517,487,489,517,782,839,851,919,920
6,13,22,782,489,970,487,489,590,609,730,755,782,851,912,970
6,13,22,782,489,537,137,412,487,489,537,782,792,795,851
6,13,22,782,489,644,487,489,494,644,782,818,851
6,13,22,782,489,449,449,487,489,598,624,664,705,782,851,912
6,13,22,782,489,839,487,489,554,782,839,851,912
6,13,22,782,489,421,421,487,489,664,782,851
6,13,22,782,489,378,378,381,487,489,782,851
6,13,22,782,489,605,487,489,530,605,745,782,851
6,13,22,782,489,460,66,460,487,489,609,782,825,851,975,978
6,13,22,782,489,743,96,412,487,489,743,782,851
6,13,22,782,489,844,480,487,489,637,732,782,844,851
6,13,22,782,489,716,487,489,562,716,782,851,912,991
6,13,22,782,489,733,487,489,733,782,851,920
6,13,22,782,489,733,487,489,733,782,839,851
6,13,22,782,489,807,487,489,782,807,851,900
6,13,22,782,489,733,487,489,605,664,733,782,851,888,920
6,13,22,782,489,134,134,487,489,782,851
6,13,22,782,489,733,487,489,733,782,839,851
6,13,22,782,489,975,487,489,525,657,782,812,851,975
6,13,22,782,489,970,487,489,782,851,970
6,13,22,782,489,103,103,150,297,346,487,489,634,782,851,912,973
6,13,22,782,703,148,148,703,782,851,975
6,13,22,782,703,972,487,525,703,782,851,972,975
6,13,22,782,703,363,363,428,634,703,782,851
6,13,22,782,703,557,487,557,703,704,718,733,744,754,782,851
6,13,22,782,703,958,487,634,703,782,851,958
6,13,22,782,703,818,475,487,605,703,782,818,851
6,13,22,782,703,657,487,605,657,703,718,733,782,833,851,919,920
6,13,22,782,703,99,97,99,128,475,703,782,851,975
6,13,22,782,703,909,475,577,634,703,782,851,909
6,13,22,782,703,449,449,664,703,718,782,851,975,976,980
6,13,22,782,703,644,475,487,494,605,644,703,782,818,851
6,13,22,782,703,989,487,703,723,782,818,851,920,989
6,13,22,782,703,914,475,487,605,703,782,814,851,914
6,13,22,782,703,517,475,487,517,605,703,718,782,839,851,919
6,13,22,782,703,970,609,703,730,755,782,851,912,970
6,13,22,782,703,537,487,537,703,782,792,851
6,13,22,782,703,644,421,494,644,703,782,818,851
6,13,22,782,703,449,436,449,487,664,703,705,706,782,851,975
6,13,22,782,703,839,23,703,718,782,839,851
6,13,22,782,703,421,421,487,605,703,782,851
6,13,22,782,703,378,378,381,489,703,782,851,912
6,13,22,782,703,605,421,487,530,605,703,782,851
6,13,22,782,703,460,66,460,487,605,609,703,782,825,851,975
6,13,22,782,703,743,96,357,412,480,487,605,703,743,782,851
6,13,22,782,703,844,480,703,782,786,844,851
6,13,22,782,703,716,487,562,703,716,782,851,991
6,13,22,782,703,733,605,703,718,733,782,851,920
6,13,22,782,703,733,487,703,718,733,782,851
6,13,22,782,703,807,487,517,703,718,782,807,851,900
6,13,22,782,703,733,605,703,733,782,851,920
6,13,22,782,703,134,99,134,475,487,703,782,851
6,13,22,782,703,733,703,718,733,782,851
6,13,22,782,703,975,475,703,718,782,812,851,975
6,13,22,782,703,970,487,672,703,782,851,970
6,13,22,782,703,103,103,150,346,480,487,634,703,782,851,973
6,13,22,782,412,148,148,412,782,802,851,975
6,13,22,782,412,972,329,412,487,782,851,972
6,13,22,782,412,363,107,341,363,412,428,475,756,782,851,958
6,13,22,782,412,557,412,487,557,704,733,754,782,851,919
6,13,22,782,412,958,412,487,782,851,958
6,13,22,782,412,818,412,475,487,605,782,818,851
6,13,22,782,412,657,412,487,590,657,782,833,851,919
6,13,22,782,412,99,35,98,99,128,412,487,782,851,975
6,13,22,782,412,909,412,475,494,782,851,855,909
6,13,22,782,412,449,403,412,449,525,664,706,782,812,851,975
6,13,22,782,412,644,412,487,605,644,782,818,851,855
6,13,22,782,412,989,412,487,782,818,851,920,989
6,13,22,782,412,914,412,475,487,782,814,851,914
6,13,22,782,412,517,412,475,487,517,782,821,851
6,13,22,782,412,970,412,487,590,609,755,782,851,872,970
6,13,22,782,412,537,329,412,487,537,782,792,851
6,13,22,782,412,644,412,494,644,782,818,851
6,13,22,782,412,449,412,449,487,660,664,705,706,782,851
6,13,22,782,412,839,412,475,782,839,851
6,13,22,782,412,421,412,421,487,590,664,782,851,872,904
6,13,22,782,412,378,374,378,381,412,489,782,851
6,13,22,782,412,605,412,487,605,745,782,851
6,13,22,782,412,460,412,437,460,487,590,609,782,825,851,913,975,978
6,13,22,782,412,743,412,480,487,743,782,851
6,13,22,782,412,844,412,480,759,782,844,851
6,13,22,782,412,716,412,487,562,716,782,851,991
6,13,22,782,412,733,412,487,590,733,782,851,920
6,13,22,782,412,733,412,487,590,733,782,851
6,13,22,782,412,807,412,487,517,782,807,851,900,919
6,13,22,782,412,733,412,475,733,782,851,920
6,13,22,782,412,134,99,134,412,487,782,851
6,13,22,782,412,733,412,733,782,851,919
6,13,22,782,412,975,412,782,812,851,975
6,13,22,782,412,970,412,487,782,851,872,970
6,13,22,782,412,103,61,103,150,225,346,412,480,487,756,782,851,973
6,13,22,782,114,148,114,148,150,329,472,782,851
6,13,22,782,114,972,114,150,329,487,500,782,851,972
6,13,22,782,114,363,48,114,150,329,341,363,475,487,782,851,888,958
6,13,22,782,114,557,114,150,329,487,557,704,733,744,754,777,782,851,919
6,13,22,782,114,958,114,150,329,502,782,851,958
6,13,22,782,114,818,114,150,329,605,666,782,818,851,961,971
6,13,22,782,114,657,114,150,329,657,664,744,782,833,851,895,920
6,13,22,782,114,99,98,99,114,128,150,329,472,693,782,851,975
6,13,22,782,114,909,114,150,329,475,666,782,851,909,961
6,13,22,782,114,449,114,150,329,449,664,781,782,851,975,977
6,13,22,782,114,644,114,150,329,605,644,666,782,812,818,851
6,13,22,782,114,989,114,150,310,329,782,851,920,989
6,13,22,782,114,914,114,150,329,472,475,600,693,782,814,851,890,914
6,13,22,782,114,517,114,150,329,475,517,664,733,782,839,851,919
6,13,22,782,114,970,114,150,329,351,487,609,664,730,755,764,782,851,970
6,13,22,782,114,537,114,137,150,329,537,782,792,851,961
6,13,22,782,114,644,114,150,329,487,644,782,818,851
6,13,22,782,114,449,114,150,329,449,664,705,749,782,851,975
6,13,22,782,114,839,114,150,329,456,487,645,677,782,795,839,851
6,13,22,782,114,421,114,150,329,421,664,782,851
6,13,22,782,114,378,104,114,150,329,342,378,381,489,782,851
6,13,22,782,114,605,114,150,329,419,530,605,673,767,782,851
6,13,22,782,114,460,114,150,329,460,609,664,782,851,975
6,13,22,782,114,743,114,150,286,329,387,412,534,664,743,782,851
6,13,22,782,114,844,114,150,329,480,732,782,844,851
6,13,22,782,114,716,114,150,329,562,716,782,851,919
6,13,22,782,114,733,114,150,329,733,782,851,920
6,13,22,782,114,733,114,150,329,664,733,782,851
6,13,22,782,114,807,114,150,329,487,664,733,782,807,851,890,900,987
6,13,22,782,114,733,114,150,329,487,664,733,782,851,920
6,13,22,782,114,134,99,114,128,134,150,329,782,851,961
6,13,22,782,114,733,114,150,329,487,733,782,851,920
6,13,22,782,114,975,114,150,329,782,812,851,975
6,13,22,782,114,970,114,150,329,350,487,664,782,851,970
6,13,22,782,114,103,103,114,150,329,480,664,782,851,973
6,13,22,782,858,148,148,449,472,488,782,851,858,975
6,13,22,782,858,972,349,487,488,525,782,851,858,972
6,13,22,782,858,363,363,428,449,488,782,807,851,858
6,13,22,782,858,557,487,488,557,704,733,744,754,782,851,858
6,13,22,782,858,958,488,782,851,858,958
6,13,22,782,858,818,464,488,494,605,782,807,818,851,858
6,13,22,782,858,657,488,657,733,782,807,833,851,858,895,920
6,13,22,782,858,99,98,99,128,449,488,782,851,858,975
6,13,22,782,858,909,475,488,494,782,851,858,909
6,13,22,782,858,449,449,488,609,664,782,807,851,858,975,980
6,13,22,782,858,644,488,494,605,644,685,782,851,858
6,13,22,782,858,989,488,782,818,851,858,862,920,989
6,13,22,782,858,914,148,475,488,600,782,814,851,858,914
6,13,22,782,858,517,475,488,517,782,807,851,858
6,13,22,782,858,970,488,525,609,755,782,807,851,858,912,970
6,13,22,782,858,537,145,148,412,488,537,782,792,851,858
6,13,22,782,858,644,488,494,644,733,782,807,818,851,858
6,13,22,782,858,449,449,488,664,705,782,851,858,975
6,13,22,782,858,839,487,488,782,807,839,851,858
6,13,22,782,858,421,421,488,782,851,858,904
6,13,22,782,858,378,372,374,378,381,412,488,489,782,851,858,912
6,13,22,782,858,605,148,416,488,605,662,782,807,851,858
6,13,22,782,858,460,112,460,488,609,782,825,851,858,938,975
6,13,22,782,858,743,412,488,534,743,782,851,858
6,13,22,782,858,844,464,480,488,777,782,844,851,858
6,13,22,782,858,716,488,562,716,782,851,858,912,991
6,13,22,782,858,733,488,733,782,807,851,858,920
6,13,22,782,858,733,488,590,733,782,807,851,858
6,13,22,782,858,807,488,782,807,851,858,900
6,13,22,782,858,733,488,733,782,851,858,920
6,13,22,782,858,134,99,134,144,488,782,851,858
6,13,22,782,858,733,487,488,733,782,807,851,858,920
6,13,22,782,858,975,488,525,782,812,851,858,975
6,13,22,782,858,970,349,487,488,782,851,858,970
6,13,22,782,858,103,61,103,150,346,488,634,782,851,858,973
6,13,22,782,564,148,148,472,537,564,583,606,782,802,851,904,975
6,13,22,782,564,972,105,286,289,487,500,564,583,606,782,851,904,972
6,13,22,782,564,363,274,275,363,428,487,564,583,606,621,782,851,904,958
6,13,22,782,564,557,487,557,564,583,606,704,733,744,754,782,840,851,904
6,13,22,782,564,958,564,583,606,782,831,851,904,905,958
6,13,22,782,564,818,494,564,583,605,606,782,818,851,904,905
6,13,22,782,564,657,557,564,583,606,657,733,782,833,851,895,904,920
6,13,22,782,564,99,36,97,99,128,132,564,583,606,693,782,802,814,851,904,975
6,13,22,782,564,909,475,494,564,583,606,782,851,904,909
6,13,22,782,564,449,449,487,525,564,583,606,664,706,762,782,851,904,975
6,13,22,782,564,644,409,470,564,583,605,606,644,782,818,851,904
6,13,22,782,564,989,470,564,583,606,782,851,904,920,989
6,13,22,782,564,914,475,564,583,606,782,814,851,904,905,914
6,13,22,782,564,517,475,517,557,564,583,606,782,821,851,904,920
6,13,22,782,564,970,564,583,606,609,621,664,672,782,843,851,904,912,915,970,979
6,13,22,782,564,537,145,537,564,583,606,782,792,802,851,904,905
6,13,22,782,564,644,487,494,564,583,606,644,782,818,851,904
6,13,22,782,564,449,449,564,606,664,705,706,727,782,789,851,904,905,975
6,13,22,782,564,839,487,554,557,564,583,606,645,782,795,839,851,904
6,13,22,782,564,421,421,564,583,606,664,782,789,851,904
6,13,22,782,564,378,227,295,297,367,378,381,412,489,564,583,606,782,851,904
6,13,22,782,564,605,450,530,564,605,606,782,851,904
6,13,22,782,564,460,112,460,564,583,606,609,782,802,851,904,975
6,13,22,782,564,743,105,412,489,564,606,664,743,782,851,904
6,13,22,782,564,844,480,564,583,606,782,844,851,904
6,13,22,782,564,716,562,564,606,716,782,840,851,904,905,919,991
6,13,22,782,564,733,557,564,583,602,606,733,782,851,904,920
6,13,22,782,564,733,557,564,583,606,664,733,782,851,904
6,13,22,782,564,807,487,557,564,583,606,782,807,851,900,904
6,13,22,782,564,733,487,564,583,606,664,733,782,851,904,920
6,13,22,782,564,134,94,99,128,134,564,583,606,782,851,904
6,13,22,782,564,733,487,557,564,583,606,733,782,851,904,920
6,13,22,782,564,975,554,564,606,782,812,814,851,904,905,975
6,13,22,782,564,970,487,564,583,606,672,782,802,851,904,905,970
6,13,22,782,564,103,103,286,297,346,564,583,606,782,851,904,973
6,13,22,782,350,148,148,150,350,782,851,975
6,13,22,782,350,972,349,350,487,782,851,972
6,13,22,782,350,363,275,279,349,350,356,357,363,428,782,851
6,13,22,782,350,557,336,348,350,487,557,704,733,744,782,851,919
6,13,22,782,350,958,348,350,649,782,851,958
6,13,22,782,350,818,350,475,605,677,782,818,851
6,13,22,782,350,657,350,649,657,682,733,782,833,851,919
6,13,22,782,350,99,20,97,99,128,349,350,472,782,851,975
6,13,22,782,350,909,150,329,350,390,475,567,649,677,782,851,909
6,13,22,782,350,449,350,449,664,782,851,970,975,976
6,13,22,782,350,644,350,356,469,470,605,644,673,677,782,851
6,13,22,782,350,989,81,350,782,851,920,989
6,13,22,782,350,914,350,475,600,782,814,851,914
6,13,22,782,350,517,350,517,782,839,851,919,920
6,13,22,782,350,970,350,609,649,730,782,851,970
6,13,22,782,350,537,81,350,537,782,792,851,970
6,13,22,782,350,644,336,350,356,494,644,677,782,818,851
6,13,22,782,350,449,81,350,449,664,705,782,851,970,975
6,13,22,782,350,839,23,350,554,782,839,851,970,972
6,13,22,782,350,421,350,421,664,677,782,851,904
6,13,22,782,350,378,350,378,381,489,782,851
6,13,22,782,350,605,145,148,336,350,356,605,677,782,851
6,13,22,782,350,460,350,460,606,609,782,825,851,975
6,13,22,782,350,743,336,350,357,412,743,782,851
6,13,22,782,350,844,350,480,782,844,851
6,13,22,782,350,716,350,562,716,782,851,919,972,991
6,13,22,782,350,733,350,733,782,851,920
6,13,22,782,350,733,350,733,782,851
6,13,22,782,350,807,23,336,350,517,677,782,807,851,900,919,970
6,13,22,782,350,733,350,677,733,782,851,920,970
6,13,22,782,350,134,23,128,134,350,782,851
6,13,22,782,350,733,350,733,782,851,920
6,13,22,782,350,975,132,150,350,782,812,851,972,975
6,13,22,782,350,970,350,487,782,851,970
6,13,22,782,350,103,103,150,350,480,766,782,851,973
6,13,22,782,412,148,148,412,472,756,782,851
6,13,22,782,412,972,233,412,487,756,782,851,972
6,13,22,782,412,363,363,412,475,756,782,851
6,13,22,782,412,557,412,487,557,657,704,708,733,744,756,782,851,920
6,13,22,782,412,958,412,588,782,851,958
6,13,22,782,412,818,412,463,475,605,666,782,818,851
6,13,22,782,412,657,412,657,708,733,782,851,920
6,13,22,782,412,99,97,99,128,412,782,851,975
6,13,22,782,412,909,412,463,469,475,666,756,782,851,909
6,13,22,782,412,449,412,449,510,664,706,756,782,812,851,975
6,13,22,782,412,644,412,469,470,605,644,756,782,812,851
6,13,22,782,412,989,71,412,470,756,782,818,851,920,989
6,13,22,782,412,914,412,463,475,782,814,851,914
6,13,22,782,412,517,412,475,517,557,588,733,782,851,920
6,13,22,782,412,970,9,412,475,609,756,764,782,825,851,970
6,13,22,782,412,537,296,412,475,537,782,792,851
6,13,22,782,412,644,412,427,475,644,666,756,782,818,851
6,13,22,782,412,449,412,449,588,664,705,706,782,851,975
6,13,22,782,412,839,9,233,412,456,475,645,756,782,839,851
6,13,22,782,412,421,412,421,588,664,782,851,904
6,13,22,782,412,378,372,378,381,412,489,756,782,851,912
6,13,22,782,412,605,71,412,605,782,851
6,13,22,782,412,460,112,412,460,463,475,782,825,851,975,978
6,13,22,782,412,743,387,412,475,664,743,782,851
6,13,22,782,412,844,412,480,732,782,844,851
6,13,22,782,412,716,412,475,562,716,756,782,851,919,991
6,13,22,782,412,733,412,733,756,782,851,920
6,13,22,782,412,733,412,588,664,733,782,851,920
6,13,22,782,412,807,412,588,782,807,851,900
6,13,22,782,412,733,412,733,756,782,851,920
6,13,22,782,412,134,134,412,782,851
6,13,22,782,412,733,412,733,756,782,851,920
6,13,22,782,412,975,100,412,756,782,812,851,975
6,13,22,782,412,970,412,475,487,782,797,851,970
6,13,22,782,412,103,61,103,150,346,412,480,756,782,851,973
6,13,22,782,421,148,148,412,421,472,537,664,782,791,877
6,13,22,782,421,972,329,421,487,500,664,782,851,877,972
6,13,22,782,421,363,341,363,421,428,664,782,877,958
6,13,22,782,421,557,412,421,487,557,664,704,733,744,782,851,877
6,13,22,782,421,958,421,487,646,664,706,782,851,877,958
6,13,22,782,421,818,421,487,506,605,664,782,818,877
6,13,22,782,421,657,421,487,657,664,782,812,833,839,877,895,920
6,13,22,782,421,99,98,99,128,421,449,487,664,706,782,791,851,877,975
6,13,22,782,421,909,421,475,664,782,877,909
6,13,22,782,421,449,421,449,664,706,782,812,877,975
6,13,22,782,421,644,421,469,487,494,605,644,664,782,812,851,877
6,13,22,782,421,989,421,487,556,664,723,782,818,851,877,920,989
6,13,22,782,421,914,412,421,475,487,664,782,791,814,851,877,914
6,13,22,782,421,517,421,475,487,517,664,782,839,851,877
6,13,22,782,421,970,421,487,609,664,706,730,755,782,791,851,877,912,970
6,13,22,782,421,537,137,412,421,487,537,664,782,791,792,795,851,877
6,13,22,782,421,644,421,487,494,644,664,782,818,851,877
6,13,22,782,421,449,421,436,449,487,664,705,706,782,851,877
6,13,22,782,421,839,23,421,475,664,782,839,851,877
6,13,22,782,421,421,421,487,664,782,851,877
6,13,22,782,421,378,374,378,381,412,421,489,664,782,877,912
6,13,22,782,421,605,421,487,530,605,664,745,782,851,877
6,13,22,782,421,460,66,112,421,460,487,609,664,706,782,825,877,975
6,13,22,782,421,743,93,96,357,412,421,487,664,743,782,791,851,877
6,13,22,782,421,844,421,480,553,664,745,754,759,782,827,844,877
6,13,22,782,421,716,421,487,562,664,716,782,877,912,919,991
6,13,22,782,421,733,421,487,602,664,733,782,851,877,920
6,13,22,782,421,733,421,487,602,664,733,758,782,877
6,13,22,782,421,807,421,487,506,664,782,807,877,900
6,13,22,782,421,733,421,605,664,733,782,851,877,920
6,13,22,782,421,134,99,134,421,487,664,782,791,877
6,13,22,782,421,733,421,487,664,733,758,782,839,851,877
6,13,22,782,421,975,421,554,664,782,791,812,877,975
6,13,22,782,421,970,421,487,664,782,851,858,877,970
6,13,22,782,421,103,103,150,297,341,346,421,487,634,664,706,766,782,851,877,973
6,13,22,782,581,148,148,472,581,703,782,795,851,975
6,13,22,782,581,972,329,487,525,581,782,851,881,972
6,13,22,782,581,363,341,363,428,581,782,851,881,888,958
6,13,22,782,581,557,487,557,581,704,733,754,782,851
6,13,22,782,581,958,487,566,581,754,764,782,851,881,958
6,13,22,782,581,818,487,566,581,605,782,818,851
6,13,22,782,581,657,581,657,744,754,782,833,851,881,920
6,13,22,782,581,99,97,99,128,581,782,851,881,975
6,13,22,782,581,909,475,494,566,567,581,782,851,909
6,13,22,782,581,449,449,510,525,581,664,706,718,782,851,881,975
6,13,22,782,581,644,487,494,581,605,644,754,782,818,827,851,881
6,13,22,782,581,989,566,581,782,818,851,881,989
6,13,22,782,581,914,475,581,600,729,782,814,851,914
6,13,22,782,581,517,475,487,517,581,718,729,766,782,839,851,919
6,13,22,782,581,970,581,609,730,764,782,851,881,970
6,13,22,782,581,537,13,137,487,537,581,782,792,795,851,881
6,13,22,782,581,644,494,581,644,782,818,827,851,881
6,13,22,782,581,449,449,487,581,664,705,706,782,851,881,975
6,13,22,782,581,839,421,581,718,782,839,851,972
6,13,22,782,581,421,421,581,664,782,851,881
6,13,22,782,581,378,378,381,412,489,581,729,782,851,912
6,13,22,782,581,605,530,581,605,754,782,851,881
6,13,22,782,581,460,460,566,581,609,782,851,975
6,13,22,782,581,743,387,412,581,743,754,782,851
6,13,22,782,581,844,480,581,754,782,827,844,851,881
6,13,22,782,581,716,562,581,716,782,851,881,919,991
6,13,22,782,581,733,421,581,702,729,733,754,782,851,881,920
6,13,22,782,581,733,487,581,664,729,733,754,764,782,851,881
6,13,22,782,581,807,487,581,729,754,782,807,851,900
6,13,22,782,581,733,581,729,733,754,764,782,851,881,920
6,13,22,782,581,134,21,128,134,487,581,782,851,881
6,13,22,782,581,733,581,729,733,754,782,851
6,13,22,782,581,975,132,581,729,744,782,812,851,975
6,13,22,782,581,970,487,581,782,795,851,881,970
6,13,22,782,581,103,103,150,341,346,581,766,782,851,881,973
6,13,22,782,961,148,148,179,208,223,243,487,782,859,961,965,975
6,13,22,782,961,972,69,243,487,740,782,859,961,972
6,13,22,782,961,363,179,243,363,487,782,851,859,958,961,965
6,13,22,782,961,557,487,557,618,657,664,704,733,740,744,782,784,919,961
6,13,22,782,961,958,487,666,782,851,958,961
6,13,22,782,961,818,487,605,618,633,666,673,782,818,961
6,13,22,782,961,657,487,618,657,733,740,782,833,895,920,961
6,13,22,782,961,99,36,99,128,179,487,782,851,961,965,975
6,13,22,782,961,909,243,475,487,567,618,782,909,961,965
6,13,22,782,961,449,243,415,447,449,487,664,706,733,740,743,782,784,961,975
6,13,22,782,961,644,469,487,605,618,644,664,673,782,812,851,859,961,965
6,13,22,782,961,989,313,470,487,613,673,714,723,740,782,796,851,920,961,965,989
6,13,22,782,961,914,243,463,475,487,600,618,782,814,851,859,914,961
6,13,22,782,961,517,151,243,415,487,517,664,733,782,821,851,859,919,961
6,13,22,782,961,970,243,456,487,609,664,672,730,755,764,782,784,851,859,961,970
6,13,22,782,961,537,487,537,782,792,796,802,851,859,961
6,13,22,782,961,644,487,618,644,673,782,818,851,859,961
6,13,22,782,961,449,243,449,487,624,664,705,749,782,851,859,961
6,13,22,782,961,839,456,487,782,796,839,851,859,961,965
6,13,22,782,961,421,421,487,618,664,674,681,782,851,904,961,965
6,13,22,782,961,378,237,243,374,378,381,487,489,782,859,912,961
6,13,22,782,961,605,243,487,605,673,714,782,859,961
6,13,22,782,961,460,34,243,460,487,544,606,609,666,782,802,851,859,961,975,980
6,13,22,782,961,743,96,243,387,412,487,664,740,743,782,851,859,961
6,13,22,782,961,844,243,480,487,613,740,782,796,844,961,965
6,13,22,782,961,716,243,487,562,716,733,782,796,851,919,961,965,991
6,13,22,782,961,733,243,456,487,733,740,782,851,920,961,965
6,13,22,782,961,733,243,456,487,664,733,740,782,961,965
6,13,22,782,961,807,243,313,487,664,733,782,807,859,900,919,961
6,13,22,782,961,733,487,618,664,733,782,784,851,859,920,961,965
6,13,22,782,961,134,99,134,243,487,740,749,782,796,880,961
6,13,22,782,961,733,243,456,487,733,740,782,851,859,920,961,965
6,13,22,782,961,975,179,208,223,243,487,554,782,812,859,961,965,975
6,13,22,782,961,970,487,664,672,728,782,796,851,859,961,970
6,13,22,782,961,103,103,163,179,243,480,487,782,851,961,973
6,13,22,782,379,148,148,379,384,472,664,782,851,975
6,13,22,782,379,972,364,379,384,487,782,851,972
6,13,22,782,379,363,363,375,379,381,384,428,664,782,851,958
6,13,22,782,379,557,379,384,487,557,664,704,733,744,754,782,851,919
6,13,22,782,379,958,379,384,664,782,851,958
6,13,22,782,379,818,379,384,605,664,782,818,851
6,13,22,782,379,657,379,657,682,744,782,833,851,919,920
6,13,22,782,379,99,97,99,128,135,379,384,782,851,975
6,13,22,782,379,909,375,379,384,475,494,567,782,851,909
6,13,22,782,379,449,379,384,449,525,598,664,782,975
6,13,22,782,379,644,379,384,494,605,644,664,782,818,851
6,13,22,782,379,989,379,384,664,782,851,920,989
6,13,22,782,379,914,22,379,384,475,625,664,782,814,851,890,914
6,13,22,782,379,517,379,384,517,664,782,839,851,919
6,13,22,782,379,970,372,374,379,381,384,609,664,764,782,825,851,970
6,13,22,782,379,537,13,379,381,384,537,664,782,792,851
6,13,22,782,379,644,379,384,494,644,664,782,818,851
6,13,22,782,379,449,379,384,449,664,705,706,782,851,975
6,13,22,782,379,839,23,379,384,645,664,782,839,851
6,13,22,782,379,421,364,379,384,421,664,782,851,904
6,13,22,782,379,378,378,379,381,384,489,664,715,782,912
6,13,22,782,379,605,379,384,530,605,782,851
6,13,22,782,379,460,375,379,384,460,609,782,825,851,975
6,13,22,782,379,743,96,379,381,384,412,534,664,743,782,851
6,13,22,782,379,844,379,384,480,732,782,844,920
6,13,22,782,379,716,375,379,384,562,716,782,851,919
6,13,22,782,379,733,379,384,602,733,782,851,920
6,13,22,782,379,733,379,384,664,733,782,851
6,13,22,782,379,807,379,384,645,782,807,900,919
6,13,22,782,379,733,379,381,384,664,733,782,851,920
6,13,22,782,379,134,23,128,134,379,384,664,782,851
6,13,22,782,379,733,379,384,733,782,851,919
6,13,22,782,379,975,132,379,384,664,782,812,851,975
6,13,22,782,379,970,375,379,384,487,672,782,851,970
6,13,22,782,379,103,103,150,297,379,384,664,766,782,851,973
6,13,22,782,469,148,148,296,469,487,525,782,851,975
6,13,22,782,469,972,296,349,469,487,525,782,851,972
6,13,22,782,469,363,296,363,469,487,782,851,958
6,13,22,782,469,557,296,469,487,557,562,704,733,744,754,782,851
6,13,22,782,469,958,6,296,469,487,666,782,851,876,958
6,13,22,782,469,818,296,469,475,487,525,605,782,818,851
6,13,22,782,469,657,296,469,487,562,657,744,754,782,833,851,920
6,13,22,782,469,99,97,99,128,296,469,487,525,562,782,851,975
6,13,22,782,469,909,296,469,475,487,525,567,782,851,909
6,13,22,782,469,449,296,449,469,525,664,781,782,851,975
6,13,22,782,469,644,296,469,487,525,605,644,673,782,851
6,13,22,782,469,989,296,469,487,525,723,782,818,851,989
6,13,22,782,469,914,148,296,469,475,487,525,605,782,814,851,914
6,13,22,782,469,517,296,469,487,517,525,605,781,782,807,851,919
6,13,22,782,469,970,296,469,487,525,590,609,782,803,825,851,970,979
6,13,22,782,469,537,13,296,469,487,525,537,782,792,803,827,851
6,13,22,782,469,644,296,469,487,494,525,605,644,782,818,851
6,13,22,782,469,449,296,449,469,487,525,664,705,782,851,876
6,13,22,782,469,839,296,469,525,562,782,839,851
6,13,22,782,469,421,296,421,469,487,525,664,669,782,851,876
6,13,22,782,469,378,296,297,370,378,381,412,469,489,525,782,851
6,13,22,782,469,605,6,148,296,469,487,605,745,782,851,876
6,13,22,782,469,460,6,150,296,437,460,469,487,525,605,782,792,825,851,975
6,13,22,782,469,743,296,297,412,469,487,743,781,782,851,876
6,13,22,782,469,844,296,469,480,759,782,803,827,844,851
6,13,22,782,469,716,296,469,487,562,716,782,851,919,991
6,13,22,782,469,733,13,296,469,487,525,733,781,782,851,920
6,13,22,782,469,733,296,469,487,733,780,782,851,879
6,13,22,782,469,807,296,469,487,525,782,807,851,879,900
6,13,22,782,469,733,13,296,469,487,605,733,782,851,920
6,13,22,782,469,134,99,128,134,146,296,469,487,525,782,851
6,13,22,782,469,733,296,469,525,733,754,782,851
6,13,22,782,469,975,296,469,487,525,554,562,782,812,851,975
6,13,22,782,469,970,146,296,469,487,525,782,851,970
6,13,22,782,469,103,6,103,150,296,297,469,487,782,851,973
6,13,22,782,381,148,148,372,379,381,537,782,975
6,13,22,782,381,972,372,381,487,782,972
6,13,22,782,381,363,104,275,280,363,372,381,782,958
6,13,22,782,381,557,372,379,381,487,557,657,704,733,744,754,782,919
6,13,22,782,381,958,372,381,782,851,958
6,13,22,782,381,818,372,379,381,605,664,782,818
6,13,22,782,381,657,372,381,657,733,782,833,839,919
6,13,22,782,381,99,97,99,128,135,275,346,372,381,782,851,975
6,13,22,782,381,909,372,375,379,381,475,567,782,909
6,13,22,782,381,449,372,379,381,449,598,664,782,812,975
6,13,22,782,381,644,372,379,380,381,469,605,644,782,812,851
6,13,22,782,381,989,104,372,381,782,920,989
6,13,22,782,381,914,104,277,280,372,381,475,782,814,851,914
6,13,22,782,381,517,372,379,381,517,782,839,851,919,920
6,13,22,782,381,970,275,372,381,609,730,782,851,958,970
6,13,22,782,381,537,269,272,372,381,487,537,782,792,851
6,13,22,782,381,644,104,372,379,380,381,494,644,782,818,851
6,13,22,782,381,449,372,379,380,381,449,598,664,705,727,782,851,975
6,13,22,782,381,839,372,381,554,782,839,851
6,13,22,782,381,421,372,381,421,782,851,904
6,13,22,782,381,378,372,378,381,412,489,782
6,13,22,782,381,605,372,379,381,530,605,782,851
6,13,22,782,381,460,104,112,372,374,381,460,782,825,975
6,13,22,782,381,743,372,379,381,412,534,743,782,851
6,13,22,782,381,844,372,381,480,782,844
6,13,22,782,381,716,269,372,381,562,716,782,912
6,13,22,782,381,733,372,379,381,733,782,851,920
6,13,22,782,381,733,372,379,381,487,664,733,782
6,13,22,782,381,807,372,373,379,381,487,782,807,900
6,13,22,782,381,733,372,381,733,782,851,920
6,13,22,782,381,134,127,134,144,372,381,487,782
6,13,22,782,381,733,372,379,381,733,782,851,920
6,13,22,782,381,975,132,372,379,381,782,812,975
6,13,22,782,381,970,269,372,379,381,487,782,851,970
6,13,22,782,381,103,103,225,275,342,346,372,379,381,782,851,973
6,13,22,782,372,148,99,148,150,269,276,372,472,487,537,782
6,13,22,782,372,972,289,348,349,372,487,782,972
6,13,22,782,372,363,269,275,276,363,372,487,489,782,851,958
6,13,22,782,372,557,9,269,372,487,489,557,695,704,733,754,782
6,13,22,782,372,958,9,276,354,372,487,782,851,958
6,13,22,782,372,818,269,275,372,487,489,605,782,818
6,13,22,782,372,657,275,276,368,369,372,487,489,657,733,744,782,833,839,920
6,13,22,782,372,99,99,128,134,275,276,372,487,782,851,975
6,13,22,782,372,909,269,289,372,375,475,487,567,782,909
6,13,22,782,372,449,9,372,449,487,525,664,782,912,975
6,13,22,782,372,644,269,372,469,487,489,605,644,674,685,782,851
6,13,22,782,372,989,275,372,487,489,782,851,920,989
6,13,22,782,372,914,9,134,276,372,475,487,782,814,851,890,914
6,13,22,782,372,517,269,372,378,475,487,489,517,782,839,851
6,13,22,782,372,970,9,372,487,609,782,851,912,970
6,13,22,782,372,537,13,269,357,372,487,537,782,792,851
6,13,22,782,372,644,9,269,372,487,489,644,782,818,851
6,13,22,782,372,449,9,276,372,449,487,660,664,705,782,851,912
6,13,22,782,372,839,9,23,372,487,782,821,839,851
6,13,22,782,372,421,9,269,372,421,487,489,782,851,904
6,13,22,782,372,378,372,378,381,412,487,489,782
6,13,22,782,372,605,269,372,487,489,605,674,782
6,13,22,782,372,460,150,172,354,372,460,487,609,782,825,851,975
6,13,22,782,372,743,276,286,289,372,412,487,489,534,743,782,851
6,13,22,782,372,844,372,480,487,732,782,844
6,13,22,782,372,716,9,269,372,487,489,562,716,782,912,919
6,13,22,782,372,733,372,378,487,489,733,782,851,920
6,13,22,782,372,733,368,372,487,664,733,782
6,13,22,782,372,807,269,372,487,489,782,807,900
6,13,22,782,372,733,269,372,378,382,487,489,733,782,851,920
6,13,22,782,372,134,134,144,372,487,782,851
6,13,22,782,372,733,368,372,487,733,782,851,920
6,13,22,782,372,975,50,129,132,134,276,372,487,782,812,975
6,13,22,782,372,970,172,269,348,349,372,487,782,851,970
6,13,22,782,372,103,103,150,275,276,286,372,480,487,782,851,973
6,13,22,782,475,148,148,150,472,475,487,782,802
6,13,22,782,475,972,150,360,475,487,782,851,972
6,13,22,782,475,363,360,363,475,487,782
6,13,22,782,475,557,475,487,557,618,704,733,744,754,782
6,13,22,782,475,958,360,475,487,782,851,958
6,13,22,782,475,818,475,487,605,618,782,818
6,13,22,782,475,657,150,360,475,487,657,733,782,812,833,895,920
6,13,22,782,475,99,97,99,128,360,475,487,782,851,975
6,13,22,782,475,909,475,487,618,782,909
6,13,22,782,475,449,150,360,449,475,487,525,664,781,782,975
6,13,22,782,475,644,469,475,487,494,605,618,644,782,812,818,849,851
6,13,22,782,475,989,94,475,487,782,849,851,920,989
6,13,22,782,475,914,144,475,487,782,814,851,914
6,13,22,782,475,517,475,487,517,664,781,782,839,851
6,13,22,782,475,970,146,150,360,475,487,609,755,782,851,970,979
6,13,22,782,475,537,150,360,475,487,537,782,792,851
6,13,22,782,475,644,475,487,494,618,644,782,818,851
6,13,22,782,475,449,150,449,475,487,598,664,705,782,851
6,13,22,782,475,839,360,475,487,540,554,782,839,851
6,13,22,782,475,421,421,475,487,664,782,851
6,13,22,782,475,378,360,374,378,381,475,487,489,782
6,13,22,782,475,605,4,475,487,605,782
6,13,22,782,475,460,150,460,475,487,609,782,975
6,13,22,782,475,743,96,357,360,412,475,487,743,782,851
6,13,22,782,475,844,360,475,480,487,613,732,782,844
6,13,22,782,475,716,144,150,360,475,487,562,716,782,919,991
6,13,22,782,475,733,360,475,487,733,781,782,851,920
6,13,22,782,475,733,360,475,487,664,733,782
6,13,22,782,475,807,360,475,487,645,733,781,782,807,839,900
6,13,22,782,475,733,475,487,618,664,733,782,851,920
6,13,22,782,475,134,99,134,144,150,360,475,487,782
6,13,22,782,475,733,475,487,517,733,782,851,920
6,13,22,782,475,975,100,150,360,475,487,782,812,975
6,13,22,782,475,970,146,150,360,475,487,782,851,970,980
6,13,22,782,475,103,103,150,360,475,480,487,782,851,973
6,13,22,782,649,148,148,150,609,649,782,851,975
6,13,22,782,649,972,329,349,487,500,609,649,782,851,972
6,13,22,782,649,363,107,275,280,336,363,609,649,782,851,958
6,13,22,782,649,557,280,349,487,557,609,649,704,733,754,782,851,919
6,13,22,782,649,958,280,336,487,609,649,782,851,958
6,13,22,782,649,818,298,336,475,487,605,609,649,666,782,818,851
6,13,22,782,649,657,336,487,609,649,657,782,833,851,919,920
6,13,22,782,649,99,49,99,128,344,346,609,649,782,851,975
6,13,22,782,649,909,147,336,475,494,577,609,649,666,685,782,851,909
6,13,22,782,649,449,449,525,609,649,664,782,851,975
6,13,22,782,649,644,349,437,469,487,494,605,609,644,649,666,782,851
6,13,22,782,649,989,81,83,487,609,649,723,782,818,851,970,972,989
6,13,22,782,649,914,280,349,475,487,525,605,609,625,649,656,782,814,851,914
6,13,22,782,649,517,349,475,487,517,609,649,782,821,839,851,919,920
6,13,22,782,649,970,336,349,487,575,609,649,664,755,782,851,970
6,13,22,782,649,537,81,86,298,336,487,537,609,649,746,782,792,851,970
6,13,22,782,649,644,280,336,494,609,644,649,782,818,851
6,13,22,782,649,449,349,449,487,525,609,634,649,660,664,705,782,851
6,13,22,782,649,839,336,525,609,649,782,839,851,972
6,13,22,782,649,421,336,349,421,487,500,609,649,664,672,782,851,904
6,13,22,782,649,378,297,336,372,374,378,381,489,609,649,782,851,912
6,13,22,782,649,605,148,336,487,605,609,649,672,782,851
6,13,22,782,649,460,280,336,460,487,605,606,609,649,782,825,851,975
6,13,22,782,649,743,106,297,336,357,372,412,487,534,609,649,664,743,782,851
6,13,22,782,649,844,372,480,609,649,732,759,782,844,851
6,13,22,782,649,716,336,487,562,609,649,716,782,851,912,919,972
6,13,22,782,649,733,349,372,487,609,649,733,782,839,851,920,972
6,13,22,782,649,733,349,487,609,649,733,782,851,972
6,13,22,782,649,807,280,336,487,609,649,782,807,821,851,900
6,13,22,782,649,733,336,349,525,609,649,664,733,782,851,920,972
6,13,22,782,649,134,128,134,138,146,336,372,487,609,649,782,851
6,13,22,782,649,733,336,609,649,733,782,830,839,851,920,972
6,13,22,782,649,975,525,609,649,782,812,851,972,975,976
6,13,22,782,649,970,349,487,609,649,782,851,970
6,13,22,782,649,103,48,62,103,150,275,297,346,480,487,609,649,782,851,973
6,13,22,782,807,148,148,472,487,537,693,782,807,851,975
6,13,22,782,807,972,329,487,525,782,807,972
6,13,22,782,807,363,363,487,782,807,851,958
6,13,22,782,807,557,487,557,664,704,733,744,754,782,807
6,13,22,782,807,958,487,782,807,851,958
6,13,22,782,807,818,487,605,782,807,818
6,13,22,782,807,657,487,657,664,733,744,782,807,833,919
6,13,22,782,807,99,97,99,128,487,693,782,807,851,868,975
6,13,22,782,807,909,475,487,577,782,807,851,868,909
6,13,22,782,807,449,449,487,664,782,807,975
6,13,22,782,807,644,487,605,644,731,782,807,818,851,855
6,13,22,782,807,989,487,723,782,807,818,851,989
6,13,22,782,807,914,475,487,782,807,814,851,914
6,13,22,782,807,517,475,487,517,664,782,807,851,919
6,13,22,782,807,970,487,609,664,755,782,807,851,970
6,13,22,782,807,537,145,487,537,782,792,807,851
6,13,22,782,807,644,487,494,644,782,807,818,851
6,13,22,782,807,449,449,487,664,705,706,727,782,807,851
6,13,22,782,807,839,23,487,645,782,807,839,851
6,13,22,782,807,421,421,487,664,782,807,851,904
6,13,22,782,807,378,378,381,487,489,782,807,912
6,13,22,782,807,605,487,530,605,752,782,807
6,13,22,782,807,460,143,460,487,609,782,807,825,851,975
6,13,22,782,807,743,96,387,412,487,534,664,743,782,807,851
6,13,22,782,807,844,480,487,553,754,782,807,844,851
6,13,22,782,807,716,487,562,716,782,807,851,912,991
6,13,22,782,807,733,487,664,733,782,807,851,868,920
6,13,22,782,807,733,487,664,733,782,807
6,13,22,782,807,807,487,517,664,782,807,900
6,13,22,782,807,733,487,664,733,782,807,851,920
6,13,22,782,807,134,134,487,782,807
6,13,22,782,807,733,487,733,782,807,851
6,13,22,782,807,975,487,525,782,807,812,851,868,975
6,13,22,782,807,970,487,664,782,807,851,970
6,13,22,782,807,103,103,346,363,487,664,782,807,851,973
6,13,22,782,363,148,144,148,209,217,363,472,487,782,851
6,13,22,782,363,972,217,329,363,487,782,972,979
6,13,22,782,363,363,217,363,428,475,487,782,851,856
6,13,22,782,363,557,23,217,348,363,487,557,677,704,733,744,782,972
6,13,22,782,363,958,217,363,487,782,851,958
6,13,22,782,363,818,23,78,217,363,475,487,605,782,818
6,13,22,782,363,657,23,217,363,487,657,733,782,833,851,895,920
6,13,22,782,363,99,23,99,128,217,363,472,487,782,851,975
6,13,22,782,363,909,217,363,475,487,677,782,851,909
6,13,22,782,363,449,23,217,363,449,487,525,664,782,851,853,972,975
6,13,22,782,363,644,23,217,363,487,605,644,677,685,782,812,845,851
6,13,22,782,363,989,23,217,310,363,487,677,782,818,851,920,989
6,13,22,782,363,914,22,144,217,363,475,487,600,782,814,851,890,914
6,13,22,782,363,517,23,217,363,475,487,517,645,718,733,782,839,851
6,13,22,782,363,970,23,217,363,487,609,730,782,851,970,972
6,13,22,782,363,537,23,217,363,487,537,746,782,792,851
6,13,22,782,363,644,217,363,475,487,644,677,782,818,851,920
6,13,22,782,363,449,23,217,363,449,487,664,705,749,782,851,874,975
6,13,22,782,363,839,23,217,363,475,487,645,677,782,839,851
6,13,22,782,363,421,23,217,315,363,421,487,664,677,782,851,904
6,13,22,782,363,378,217,362,363,378,381,487,489,782,851
6,13,22,782,363,605,217,363,487,605,677,722,752,782,851,890
6,13,22,782,363,460,112,217,363,460,487,609,782,802,851,972,975
6,13,22,782,363,743,23,217,361,363,412,487,581,743,782,851
6,13,22,782,363,844,23,217,363,480,487,782,844,851
6,13,22,782,363,716,23,144,217,363,487,562,716,782,851,919,972
6,13,22,782,363,733,23,217,363,487,733,782,851,920
6,13,22,782,363,733,23,217,363,487,733,782,874,972
6,13,22,782,363,807,23,217,363,487,517,645,677,782,807,900
6,13,22,782,363,733,23,217,363,487,677,733,782,851,920
6,13,22,782,363,134,23,128,134,144,217,363,487,782
6,13,22,782,363,733,23,217,363,487,733,782,851,920,972
6,13,22,782,363,975,132,217,344,363,487,782,812,851,972,975
6,13,22,782,363,970,23,217,363,487,782,851,970,972
6,13,22,782,363,103,23,76,103,217,342,346,363,487,766,782,851,973
6,13,22,782,150,148,148,150,782,851,975
6,13,22,782,150,972,150,487,782,851,972,976,979
6,13,22,782,150,363,146,150,357,363,782,851
6,13,22,782,150,557,150,460,487,557,704,733,754,782,851
6,13,22,782,150,958,150,782,851,853,958,976
6,13,22,782,150,818,150,605,782,818,851,975,978
6,13,22,782,150,657,150,460,657,782,833,851,920,976
6,13,22,782,150,99,98,99,128,150,782,851,975
6,13,22,782,150,909,147,150,475,567,782,851,909
6,13,22,782,150,449,150,449,664,782,851,975,976
6,13,22,782,150,644,150,437,469,605,644,782,851
6,13,22,782,150,989,143,150,782,851,975,989
6,13,22,782,150,914,150,475,782,814,851,913,914,976,977
6,13,22,782,150,517,150,475,517,718,733,782,821,839,851,976
6,13,22,782,150,970,150,575,609,755,764,782,851,970,976,979
6,13,22,782,150,537,150,487,537,782,792,851
6,13,22,782,150,644,150,644,733,782,818,851,913
6,13,22,782,150,449,150,449,664,705,782,851,975
6,13,22,782,150,839,150,782,839,851,972,976,979
6,13,22,782,150,421,150,421,664,782,851,858,976
6,13,22,782,150,378,150,378,381,489,782,851,912
6,13,22,782,150,605,148,150,605,782,851
6,13,22,782,150,460,150,460,605,606,609,782,802,825,851,938,975,976
6,13,22,782,150,743,150,357,412,480,534,743,782,851
6,13,22,782,150,844,150,480,732,782,844,851
6,13,22,782,150,716,150,562,716,782,851,912,919,975,976
6,13,22,782,150,733,150,733,782,851,920,976
6,13,22,782,150,733,150,664,733,782,851,976
6,13,22,782,150,807,150,437,487,782,807,851,900,975,976
6,13,22,782,150,733,150,460,733,782,851,920,976
6,13,22,782,150,134,134,144,146,150,487,782,851
6,13,22,782,150,733,150,733,782,851,920,976
6,13,22,782,150,975,150,782,812,851,975,976
6,13,22,782,150,970,150,487,782,851,970,976,979
6,13,22,782,150,103,103,150,346,480,782,851,973
6,13,22,782,374,148,148,150,355,374,664,782,975
6,13,22,782,374,972,150,348,355,374,487,782,851,853,972
6,13,22,782,374,363,150,341,355,363,374,428,782,958
6,13,22,782,374,557,355,374,487,557,664,704,733,744,782
6,13,22,782,374,958,355,374,664,782,851,853,958
6,13,22,782,374,818,150,355,374,487,605,664,782,818,837
6,13,22,782,374,657,355,374,657,718,744,782,833,839,920
6,13,22,782,374,99,98,99,128,131,150,346,355,374,782,851,975
6,13,22,782,374,909,150,355,374,375,469,475,577,782,909
6,13,22,782,374,449,150,355,374,449,525,664,718,782,812,853,975
6,13,22,782,374,644,150,355,374,421,428,469,487,562,605,644,664,677,782,812,851
6,13,22,782,374,989,87,150,310,355,374,487,782,818,851,989
6,13,22,782,374,914,144,150,355,374,428,475,600,664,782,814,851,914
6,13,22,782,374,517,150,355,374,487,517,664,718,782,839,851,920
6,13,22,782,374,970,150,346,355,374,609,664,730,755,782,851,872,970
6,13,22,782,374,537,150,341,355,374,487,537,746,782,792,851
6,13,22,782,374,644,150,355,374,421,494,644,664,782,818,851
6,13,22,782,374,449,150,355,374,449,580,598,603,664,690,705,706,782,851,975
6,13,22,782,374,839,150,355,374,456,664,718,782,839,851
6,13,22,782,374,421,355,374,421,664,782,851,904
6,13,22,782,374,378,295,355,374,378,381,489,664,715,782
6,13,22,782,374,605,148,150,355,374,487,605,782,851
6,13,22,782,374,460,66,150,355,374,460,609,782,825,851,975
6,13,22,782,374,743,87,96,150,355,374,412,664,743,782,791,851
6,13,22,782,374,844,341,355,374,480,688,732,782,844
6,13,22,782,374,716,144,150,355,374,487,562,716,782,919,991
6,13,22,782,374,733,150,355,374,375,602,664,733,782,851,920
6,13,22,782,374,733,150,355,374,487,664,733,782,843
6,13,22,782,374,807,150,355,374,487,782,807,900
6,13,22,782,374,733,87,150,355,374,664,733,782,851,920
6,13,22,782,374,134,128,131,134,144,150,355,374,487,664,782
6,13,22,782,374,733,150,355,374,733,782,843,851,920
6,13,22,782,374,975,132,150,346,355,374,664,782,812,975
6,13,22,782,374,970,150,248,346,355,374,487,782,851,858,970
6,13,22,782,374,103,103,150,346,355,374,480,782,851,973
6,13,22,782,807,148,148,525,782,807,851,975
6,13,22,782,807,972,487,525,782,807,851,972
6,13,22,782,807,363,363,428,782,807,851
6,13,22,782,807,557,487,557,657,704,733,744,754,782,807,851
6,13,22,782,807,958,487,782,807,851,958
6,13,22,782,807,818,475,487,605,782,807,815,818,851
6,13,22,782,807,657,487,590,657,744,782,807,833,851,895,920
6,13,22,782,807,99,98,99,128,525,693,782,807,851,975
6,13,22,782,807,909,475,494,567,782,807,851,909
6,13,22,782,807,449,449,525,664,782,807,851,975,977
6,13,22,782,807,644,421,487,605,644,782,807,851,855
6,13,22,782,807,989,487,782,807,815,818,851,920,989
6,13,22,782,807,914,475,487,525,605,782,807,814,833,851,914
6,13,22,782,807,517,487,517,782,807,839,851,919
6,13,22,782,807,970,487,525,590,609,664,755,782,807,851,912,970,979
6,13,22,782,807,537,137,145,487,537,782,792,807,851
6,13,22,782,807,644,487,494,605,644,782,807,818,851
6,13,22,782,807,449,421,449,487,660,664,705,706,782,807,851
6,13,22,782,807,839,23,782,807,839,851
6,13,22,782,807,421,421,487,664,782,807,851
6,13,22,782,807,378,378,381,489,782,807,851,912
6,13,22,782,807,605,148,450,487,605,745,782,807,851
6,13,22,782,807,460,460,487,605,782,792,807,851,975,977,978
6,13,22,782,807,743,412,487,534,743,782,791,807,851,912
6,13,22,782,807,844,480,553,583,745,759,782,807,844,851
6,13,22,782,807,716,487,525,562,716,782,807,851,912,919,991
6,13,22,782,807,733,487,590,733,782,807,839,851,920
6,13,22,782,807,733,487,733,782,807,839,851
6,13,22,782,807,807,487,782,807,851,900
6,13,22,782,807,733,605,664,733,782,807,851,920
6,13,22,782,807,134,134,144,487,782,807,851
6,13,22,782,807,733,733,782,807,851
6,13,22,782,807,975,525,554,782,807,812,851,975
6,13,22,782,807,970,487,782,807,851,970
6,13,22,782,807,103,103,150,297,346,480,487,634,782,807,851,912,973
6,13,22,782,704,148,148,412,704,782,802,822,851
6,13,22,782,704,972,329,487,704,782,822,851,972
6,13,22,782,704,363,363,412,428,469,704,782,822,851,958
6,13,22,782,704,557,487,557,704,733,754,782,851
6,13,22,782,704,958,412,487,704,782,851,958
6,13,22,782,704,818,475,487,605,704,782,818,851
6,13,22,782,704,657,487,590,657,704,733,782,812,851,920
6,13,22,782,704,99,98,99,128,412,704,782,822,851,975
6,13,22,782,704,909,329,412,469,475,567,704,782,822,851,909
6,13,22,782,704,449,449,656,664,704,706,782,807,822,851,975
6,13,22,782,704,644,469,487,494,605,644,704,782,851
6,13,22,782,704,989,487,704,782,818,851,920,989
6,13,22,782,704,914,412,475,487,605,704,782,814,851,914
6,13,22,782,704,517,475,487,517,704,733,782,807,822,839,851,920
6,13,22,782,704,970,412,487,590,609,672,704,755,782,807,822,851,872,958,970,979
6,13,22,782,704,537,80,357,412,487,537,704,782,792,851
6,13,22,782,704,644,644,704,782,818,851
6,13,22,782,704,449,412,449,487,598,660,664,704,705,706,782,822,851,975
6,13,22,782,704,839,23,704,782,807,839,851
6,13,22,782,704,421,421,487,664,704,782,818,851,904
6,13,22,782,704,378,104,378,381,412,489,704,782,851,912
6,13,22,782,704,605,466,487,605,704,745,782,851
6,13,22,782,704,460,66,460,487,590,605,609,672,704,782,825,851,975
6,13,22,782,704,743,96,357,412,487,704,743,782,851
6,13,22,782,704,844,480,704,732,782,818,844,851,920
6,13,22,782,704,716,487,562,704,716,782,851,991
6,13,22,782,704,733,487,590,704,733,781,782,822,851,920
6,13,22,782,704,733,487,590,704,733,782,822,851
6,13,22,782,704,807,487,517,704,782,807,822,851,900
6,13,22,782,704,733,605,704,733,782,851,920
6,13,22,782,704,134,21,134,487,704,782,822,851
6,13,22,782,704,733,704,733,782,822,851,920
6,13,22,782,704,975,408,412,554,657,704,782,812,822,851,975
6,13,22,782,704,970,487,672,704,782,851,970
6,13,22,782,704,103,103,150,346,347,412,469,487,704,782,822,851,973
6,13,22,782,733,148,148,704,733,782,795,851,975
6,13,22,782,733,972,487,704,733,782,851,972
6,13,22,782,733,363,275,363,489,637,704,733,782,851
6,13,22,782,733,557,487,557,637,704,733,744,754,782,851
6,13,22,782,733,958,487,704,733,782,851,958
6,13,22,782,733,818,487,605,633,704,733,782,818,851
6,13,22,782,733,657,487,657,704,733,782,833,851,895,920
6,13,22,782,733,99,98,99,128,132,487,704,733,782,851,975
6,13,22,782,733,909,475,494,567,704,733,782,818,851,909
6,13,22,782,733,449,449,664,704,706,733,782,851,975
6,13,22,782,733,644,487,494,605,644,704,733,782,818,851
6,13,22,782,733,989,487,613,704,733,782,818,851,920,989
6,13,22,782,733,914,475,487,704,733,782,814,851,914
6,13,22,782,733,517,487,517,704,733,782,821,851,919
6,13,22,782,733,970,487,590,609,704,733,782,851,970,979
6,13,22,782,733,537,412,487,537,704,733,782,792,795,851
6,13,22,782,733,644,487,494,644,704,733,782,818,851
6,13,22,782,733,449,449,487,598,664,704,705,706,733,782,851,975
6,13,22,782,733,839,554,704,733,782,839,851
6,13,22,782,733,421,421,487,704,733,782,851,904
6,13,22,782,733,378,378,381,489,637,704,733,782,851
6,13,22,782,733,605,487,530,605,704,722,733,782,851
6,13,22,782,733,460,460,487,606,609,704,733,782,810,825,851,975,978
6,13,22,782,733,743,96,387,412,487,489,534,637,704,733,743,782,851
6,13,22,782,733,844,480,637,704,732,733,782,818,844,851,920
6,13,22,782,733,716,487,562,704,716,733,782,851,991
6,13,22,782,733,733,487,590,704,733,781,782,851,920
6,13,22,782,733,733,456,487,590,704,733,782,851
6,13,22,782,733,807,487,704,733,782,807,851,900
6,13,22,782,733,733,704,733,782,851,920
6,13,22,782,733,134,99,134,487,704,733,782,851
6,13,22,782,733,733,456,704,733,782,851,919
6,13,22,782,733,975,132,704,733,782,812,851,975
6,13,22,782,733,970,487,704,733,782,851,970
6,13,22,782,733,103,103,150,275,346,487,637,704,733,766,782,851,973,979
6,13,22,782,421,148,148,421,472,519,771,782,975
6,13,22,782,421,972,421,487,500,519,782,851,972
6,13,22,782,421,363,363,421,428,519,634,782,851,868
6,13,22,782,421,557,421,487,519,557,704,733,744,782,851,868
6,13,22,782,421,958,421,487,519,634,771,782,851,958
6,13,22,782,421,818,421,487,519,605,782,818,851,868
6,13,22,782,421,657,421,487,519,583,657,733,782,812,833,868
6,13,22,782,421,99,97,99,128,421,492,519,669,693,782,851,975
6,13,22,782,421,909,421,475,494,519,577,782,868,896,909
6,13,22,782,421,449,421,449,519,664,782,812,851,868,975
6,13,22,782,421,644,409,421,487,519,605,644,782,812,851
6,13,22,782,421,989,421,487,519,644,723,782,818,851,904,920,989
6,13,22,782,421,914,412,421,435,475,487,519,600,782,814,851,914
6,13,22,782,421,517,421,475,487,517,519,733,771,782,839,851
6,13,22,782,421,970,421,519,609,755,771,782,851,912,970
6,13,22,782,421,537,145,412,421,487,519,537,771,782,792,851
6,13,22,782,421,644,421,494,519,644,782,818,851,868
6,13,22,782,421,449,421,449,487,519,580,664,705,782,851
6,13,22,782,421,839,23,421,519,782,839,851,868
6,13,22,782,421,421,421,487,519,664,782,851,868
6,13,22,782,421,378,378,381,412,421,489,519,782,851,912
6,13,22,782,421,605,421,487,519,530,605,782,851
6,13,22,782,421,460,421,460,487,519,782,802,825,835,851,975,978
6,13,22,782,421,743,357,412,421,487,519,743,782,851,904
6,13,22,782,421,844,421,480,519,553,732,771,782,844,868
6,13,22,782,421,716,421,487,519,562,716,771,782,851,912,919,991
6,13,22,782,421,733,421,487,519,733,782,851,868,920
6,13,22,782,421,733,421,487,519,664,733,782,868
6,13,22,782,421,807,421,487,519,580,771,782,807,851,900
6,13,22,782,421,733,421,519,733,782,851,920
6,13,22,782,421,134,134,144,421,487,519,782,851
6,13,22,782,421,733,421,519,583,733,782,851,868,920
6,13,22,782,421,975,421,519,525,554,782,812,851,868,904,975
6,13,22,782,421,970,421,487,519,672,782,851,970
6,13,22,782,421,103,103,297,346,421,487,519,634,766,782,851,973
6,13,22,782,784,148,148,472,487,782,784,792,851
6,13,22,782,784,972,336,348,487,782,784,845,972
6,13,22,782,784,363,363,428,475,487,782,784,792,845,851
6,13,22,782,784,557,487,557,664,704,733,754,782,784
6,13,22,782,784,958,487,782,784,851,958
6,13,22,782,784,818,475,487,605,664,782,784,818,845
6,13,22,782,784,657,487,657,664,733,744,782,784,833,845
6,13,22,782,784,99,99,128,142,487,693,782,784,845,851,975
6,13,22,782,784,909,475,487,567,618,782,784,845,851,909
6,13,22,782,784,449,146,449,487,609,664,733,782,784,807,975
6,13,22,782,784,644,470,487,605,644,664,782,784,812,845,851
6,13,22,782,784,989,487,723,782,784,818,845,851,920,989
6,13,22,782,784,914,475,487,600,782,784,792,814,845,851,914
6,13,22,782,784,517,475,487,517,664,733,772,782,784,821,851,919
6,13,22,782,784,970,487,609,664,730,764,782,784,792,851,970,979
6,13,22,782,784,537,487,537,782,784,792,851
6,13,22,782,784,644,487,644,782,784,818,845,851
6,13,22,782,784,449,436,449,487,660,664,705,749,782,784,792,851
6,13,22,782,784,839,23,475,487,600,677,782,784,839,845,851
6,13,22,782,784,421,421,487,523,664,677,782,784,851
6,13,22,782,784,378,104,369,378,381,487,489,782,784,792
6,13,22,782,784,605,487,605,650,662,782,784,845
6,13,22,782,784,460,460,487,609,782,784,792,851,975
6,13,22,782,784,743,357,367,369,412,480,487,664,743,782,784,791,792,851
6,13,22,782,784,844,480,487,754,782,784,844,845
6,13,22,782,784,716,487,562,716,782,784,792,840,845,851,919
6,13,22,782,784,733,487,664,733,782,784,845,851,920
6,13,22,782,784,733,487,664,733,782,784
6,13,22,782,784,807,487,517,664,677,733,782,784,807,900,919
6,13,22,782,784,733,487,664,733,782,784,845,851,920
6,13,22,782,784,134,131,134,146,487,782,784
6,13,22,782,784,733,487,733,782,784,845,851
6,13,22,782,784,975,129,132,487,657,744,782,784,812,845,851,975
6,13,22,782,784,970,146,487,664,782,784,792,845,851,970
6,13,22,782,784,103,103,150,341,342,346,480,487,782,784,845,851,973
6,13,22,782,91,148,91,148,375,381,664,782,851,975
6,13,22,782,91,972,64,91,329,376,487,664,782,956,972
6,13,22,782,91,363,15,91,363,448,489,664,782,815,851,958
6,13,22,782,91,557,14,15,91,448,487,494,557,664,704,733,754,782
6,13,22,782,91,958,91,664,782,851,958
6,13,22,782,91,818,91,487,605,664,782,815,818
6,13,22,782,91,657,91,448,494,657,664,782,812,833,851,895,920
6,13,22,782,91,99,14,15,91,98,99,128,135,664,782,851,975
6,13,22,782,91,909,14,91,375,475,494,567,664,782,815,851,909,943
6,13,22,782,91,449,91,93,135,375,449,510,598,664,706,782,912,975
6,13,22,782,91,644,14,91,313,469,494,605,644,664,782,818,851
6,13,22,782,91,989,14,15,16,91,626,644,664,782,815,851,920,989
6,13,22,782,91,914,15,91,132,134,475,664,782,814,851,890,914
6,13,22,782,91,517,91,379,382,475,489,517,664,733,782,807,815,839,851,919
6,13,22,782,91,970,91,609,664,730,782,825,851,912,956,970
6,13,22,782,91,537,13,15,82,91,537,664,782,792,851
6,13,22,782,91,644,15,91,313,494,644,664,782,815,818,851
6,13,22,782,91,449,91,449,580,598,664,705,706,782,851,975
6,13,22,782,91,839,15,23,91,664,782,839,851
6,13,22,782,91,421,91,421,580,664,782,851,904
6,13,22,782,91,378,91,104,191,378,381,412,489,664,782
6,13,22,782,91,605,15,91,96,530,605,664,782,851
6,13,22,782,91,460,16,91,460,609,664,782,825,851,956,975,977
6,13,22,782,91,743,15,91,96,412,534,664,743,782,851
6,13,22,782,91,844,14,15,91,480,530,664,688,782,815,818,844
6,13,22,782,91,716,14,15,91,375,448,562,664,716,782,851,912
6,13,22,782,91,733,15,91,379,382,664,733,782,851,920
6,13,22,782,91,733,91,487,664,733,782
6,13,22,782,91,807,91,487,510,517,664,782,807,900
6,13,22,782,91,733,14,15,91,95,313,319,664,733,782,851,920
6,13,22,782,91,134,14,91,128,134,144,487,664,782,851
6,13,22,782,91,733,14,91,313,379,381,494,664,733,782,851
6,13,22,782,91,975,14,91,132,664,782,812,851,975
6,13,22,782,91,970,18,23,91,96,487,664,672,782,851,858,970
